<?xml version="1.0" encoding="UTF-8" standalone="yes"?>
<ns2:ExportManifest xmlns:ns2="http://www.pentaho.com/schema/">
    <ExportManifestInformation exportDate="30-05-2018 05:03:46 BRT" exportBy="212369" rootFolder="/home/" manifestVersion="2"/>
    <ExportManifestEntity path="212369">
        <ExportManifestProperty>
            <EntityMetaData name="212369" createdDate="2018-02-08T10:44:39.889-03:00" isFolder="true" path="212369" isHidden="false" locale="en_GB" title="212369"/>
        </ExportManifestProperty>
        <ExportManifestProperty>
            <EntityAcl>
                <aces>
                    <permissions>ALL</permissions>
                    <recipient>212369</recipient>
                    <recipientType>USER</recipientType>
                </aces>
                <entriesInheriting>false</entriesInheriting>
                <owner>212369</owner>
                <ownerType>USER</ownerType>
            </EntityAcl>
        </ExportManifestProperty>
    </ExportManifestEntity>
    <ExportManifestEntity path="212369/DashVendas.cda">
        <ExportManifestProperty>
            <EntityMetaData name="DashVendas.cda" createdDate="2018-05-30T17:00:10.134-03:00" isFolder="false" path="212369/DashVendas.cda" isHidden="false" locale="en_GB" title="DashVendas.cda"/>
        </ExportManifestProperty>
        <ExportManifestProperty>
            <EntityAcl>
                <entriesInheriting>true</entriesInheriting>
                <owner>212369</owner>
                <ownerType>USER</ownerType>
            </EntityAcl>
        </ExportManifestProperty>
    </ExportManifestEntity>
    <ExportManifestEntity path="212369/DashVendas.cdfde">
        <ExportManifestProperty>
            <EntityMetaData name="DashVendas.cdfde" createdDate="2018-05-30T16:55:37.011-03:00" isFolder="false" path="212369/DashVendas.cdfde" isHidden="false" locale="en_GB" title="DashVendas.cdfde"/>
        </ExportManifestProperty>
        <ExportManifestProperty>
            <EntityAcl>
                <entriesInheriting>true</entriesInheriting>
                <owner>212369</owner>
                <ownerType>USER</ownerType>
            </EntityAcl>
        </ExportManifestProperty>
    </ExportManifestEntity>
    <ExportManifestEntity path="212369/DashVendas.wcdf">
        <ExportManifestProperty>
            <EntityMetaData name="DashVendas.wcdf" createdDate="2018-05-30T16:55:36.955-03:00" isFolder="false" path="212369/DashVendas.wcdf" isHidden="false" locale="en_GB" description="DashVendas" title="DashVendas"/>
        </ExportManifestProperty>
        <ExportManifestProperty>
            <EntityAcl>
                <entriesInheriting>true</entriesInheriting>
                <owner>212369</owner>
                <ownerType>USER</ownerType>
            </EntityAcl>
        </ExportManifestProperty>
    </ExportManifestEntity>
</ns2:ExportManifest>
